{
    "per_qid_recall": {
        "sigir-20141": 0.9636363636363636,
        "sigir-20142": 0.6666666666666666,
        "sigir-20143": 0.9545454545454546,
        "sigir-20144": 1.0,
        "sigir-20145": 0.8787878787878788,
        "sigir-20146": 1.0,
        "sigir-20147": 1.0,
        "sigir-20148": 0.875,
        "sigir-20149": 0.95,
        "sigir-201410": 1.0,
        "sigir-201411": 0.6,
        "sigir-201412": 1.0,
        "sigir-201413": 0.95,
        "sigir-201414": 0.8823529411764706,
        "sigir-201415": 1.0,
        "sigir-201416": 0.75,
        "sigir-201417": 1.0,
        "sigir-201418": 0.8823529411764706,
        "sigir-201419": 0.975,
        "sigir-201420": 0.6666666666666666,
        "sigir-201421": 0.978494623655914,
        "sigir-201422": 1.0,
        "sigir-201423": 1.0,
        "sigir-201424": 1.0,
        "sigir-201425": 1.0,
        "sigir-201427": 1.0,
        "sigir-201429": 1.0,
        "sigir-201430": 1.0,
        "sigir-20151": 0.9666666666666667,
        "sigir-20152": 1.0,
        "sigir-20153": 0.9615384615384616,
        "sigir-20154": 0.9444444444444444,
        "sigir-20155": 1.0,
        "sigir-20156": 1.0,
        "sigir-20157": 1.0,
        "sigir-20158": 1.0,
        "sigir-20159": 1.0,
        "sigir-201510": 0.8421052631578947,
        "sigir-201511": 1.0,
        "sigir-201512": 0.9230769230769231,
        "sigir-201513": 1.0,
        "sigir-201514": 1.0,
        "sigir-201515": 1.0,
        "sigir-201516": 0.84,
        "sigir-201517": 1.0,
        "sigir-201518": 0.9782608695652174,
        "sigir-201519": 1.0,
        "sigir-201520": 1.0,
        "sigir-201521": 1.0,
        "sigir-201522": 1.0,
        "sigir-201523": 1.0,
        "sigir-201524": 1.0,
        "sigir-201525": 1.0,
        "sigir-201526": 1.0,
        "sigir-201527": 1.0,
        "sigir-201528": 1.0,
        "sigir-201529": 1.0,
        "sigir-201530": 1.0
    },
    "macro_recall": 0.9556826924958878,
    "micro_recall": 0.9652002626395273
}